Algo,Clusters,Silhouette Score,Davies-Bouldin Score,Calinski-Harabasz Score,Noise_Points
KMeans,6,0.43106526216603014,0.8349663784782569,134.47517082663606,0
DBSCAN,4,0.5172857468987692,0.638924503155321,158.30879665598312,65
Hierarchical,6,0.4201169558789579,0.8521020845733146,127.98645433956887,0
